CCA,Duration of Expt(sec),Base RTT(ms),Total Bandwidth(Kbps),Sum of sq of BW,Flow Count,JFI
reno,1800,20,10045527,102111493807,1000,0.9882590974377773
cubic,1800,20,10204264,105839294552,1000,0.9838217858730839
bbr,1800,20,9903756,101231459864,1000,0.9689120658667576
reno,1800,20,95791,922660429,10,0.9945062552368332
cubic,1800,20,95879,935617695,10,0.9825362100489132


